{
    "anchorpoints": [],
    "portpins": [
        {
            "name": "1",
            "position": [
                12.000000000000002,
                70.0,
                -26.20744766227662
            ],
            "rotation": [
                0.9036032632395149,
                0.0,
                -0.42837033354668713,
                0.0,
                1.0,
                0.0,
                0.42837033354668713,
                -0.0,
                0.9036032632395149
            ]
        }
    ],
    "version": 6
}